{
	"class_name" : "PinholeCameraParameters",
	"extrinsic" : 
	[
		0.95550979465293506,
		-0.15557492710359899,
		0.2505942425097113,
		0.0,
		-0.21365007234472008,
		-0.95079643561472293,
		0.22436529279154141,
		0.0,
		0.20335849849318327,
		-0.26792271288386155,
		-0.94173390138167479,
		0.0,
		-7.7507444336047584,
		8.1160217847850333,
		96.823463706338771,
		1.0
	],
	"intrinsic" : 
	{
		"height" : 1061,
		"intrinsic_matrix" : 
		[
			918.85295341528945,
			0.0,
			0.0,
			0.0,
			918.85295341528945,
			0.0,
			959.5,
			530.0,
			1.0
		],
		"width" : 1920
	},
	"version_major" : 1,
	"version_minor" : 0
}